"estacao","estacao.nome","cidade","estado","regiao","situacao","latitude","longitude","altitude"
"A422","ABROLHOS","ABROLHOS","BA","Nordeste","Pane",-17.96305555,-38.70333333,20.93
"A360","ACARAU","ACARAU","CE","Nordeste","Pane",-3.1211111,-40.08722221,67.15
"A657","AFONSO CLAUDIO","AFONSO CLAUDIO","ES","Sudeste","Operante",-20.10416666,-41.10694444,507.48
"A908","AGUA BOA","AGUA BOA","MT","Centro-oeste","Operante",-14.01638888,-52.21166666,440
"A756","AGUA CLARA","AGUA CLARA","MS","Centro-oeste","Operante",-20.44444444,-52.87583332,323.63
"A045","AGUAS EMENDADAS","AGUAS EMENDADAS","DF","Centro-oeste","Operante",-15.596491,-47.625801,1030.36
"A549","AGUAS VERMELHAS","AGUAS VERMELHAS","MG","Sudeste","Operante",-15.75166666,-41.45777777,754.07
"A534","AIMORES","AIMORES","MG","Sudeste","Operante",-19.53277777,-41.09083333,301
"A617","ALEGRE","ALEGRE","ES","Sudeste","Operante",-20.75055555,-41.48888888,138
"A826","ALEGRETE","ALEGRETE","RS","Sul","Operante",-29.70916666,-55.52555554,120.88
"A615","ALFREDO CHAVES","ALFREDO CHAVES","ES","Sudeste","Operante",-20.63638888,-40.74194444,14.19
"A053","ALMAS","ALMAS","TO","Norte","Operante",-11.28416666,-47.21222222,503
"A508","ALMENARA","ALMENARA","MG","Sudeste","Operante",-16.16666666,-40.68777777,189.11
"A924","ALTA FLORESTA","ALTA FLORESTA","MT","Centro-oeste","Operante",-10.07722221,-56.17916666,291.85
"A253","ALTAMIRA","ALTAMIRA","PA","Norte","Operante",-3.26999999,-52.39472221,191
"A909","ALTO ARAGUAIA","ALTO ARAGUAIA","MT","Centro-oeste","Operante",-17.33944444,-53.22444443,753.28
"A024","ALTO PARAISO DE GOIAS","ALTO PARAISO DE GOIAS","GO","Centro-oeste","Operante",-14.13305554,-47.52333332,1264.7
"A223","ALTO PARNAIBA","ALTO PARNAIBA","MA","Nordeste","Operante",-9.10833333,-45.93194443,283.69
"A934","ALTO TAQUARI","ALTO TAQUARI","MT","Centro-oeste","Operante",-17.8411111,-53.28944444,862.42
"A336","ALVORADA DO GURGUEIA","ALVORADA DO GURGUEIA","PI","Nordeste","Operante",-8.37638888,-43.85944444,225
"A750","AMAMBAI","AMAMBAI","MS","Centro-oeste","Operante",-23.0025,-55.32944443,433.59
"A434","AMARGOSA","AMARGOSA","BA","Nordeste","Operante",-13.00944444,-39.61694443,397.8
"A377","ANGICAL DO PIAUI","ANGICAL DO PIAUI","PI","Nordeste","Pane",-6.08944444,-42.72749999,183
"A628","ANGRA DOS REIS","ANGRA DOS REIS","RJ","Sudeste","Pane",-22.97555554,-44.30333333,6
"A910","APIACAS","APIACAS","MT","Centro-oeste","Pane",-9.56333333,-57.3936111,217.75
"A340","APODI","APODI","RN","Nordeste","Pane",-5.62666666,-37.815,131.41
"A113","APUI","APUI","AM","Norte","Operante",-7.20555555,-59.8886111,156.97
"A719","AQUIDAUANA","AQUIDAUANA","MS","Centro-oeste","Operante",-20.47555554,-55.78388888,151.35
"A409","ARACAJU","ARACAJU","SE","Nordeste","Operante",-10.9525,-37.05444444,3.72
"A566","ARACUAI","ARACUAI","MG","Sudeste","Operante",-16.84888888,-42.03527777,308
"A013","ARAGARCAS","ARAGARCAS","GO","Centro-oeste","Operante",-15.90277777,-52.24527777,327.35
"A054","ARAGUACU","ARAGUACU","TO","Norte","Operante",-12.59222221,-49.5286111,231
"A021","ARAGUAINA","ARAGUAINA","TO","Norte","Operante",-7.10388888,-48.20111111,230.76
"A044","ARAGUATINS","ARAGUATINS","TO","Norte","Operante",-5.6436111,-48.11194444,130.71
"A353","ARAPIRACA","ARAPIRACA","AL","Nordeste","Operante",-9.80444444,-36.61916666,236.84
"A867","ARARANGUA","ARARANGUA","SC","Sul","Operante",-28.931353,-49.49792,2
"A505","ARAXA","ARAXA","MG","Sudeste","Operante",-19.60583333,-46.94972221,1018.32
"A309","ARCO VERDE","ARCO VERDE","PE","Nordeste","Operante",-8.4336111,-37.05555555,683.95
"A310","AREIA","AREIA","PB","Nordeste","Operante",-6.975451,-35.718128,573.45
"A940","ARIQUEMES","ARIQUEMES","RO","Norte","Pane",-9.94888888,-62.96194444,128.44
"A736","ARIRANHA","ARIRANHA","SP","Sudeste","Operante",-21.13305554,-48.84055555,525.44
"A606","ARRAIAL DO CABO","ARRAIAL DO CABO","RJ","Sudeste","Operante",-22.97527777,-42.02138888,5
"A120","AUTAZES","AUTAZES","AM","Norte","Pane",-3.58333333,-59.12944443,19.9
"A725","AVARE","AVARE","SP","Sudeste","Operante",-23.10166666,-48.9411111,776.36
"A220","BACABAL","BACABAL","MA","Nordeste","Operante",-4.24305555,-44.79499999,22.33
"A827","BAGE","BAGE","RS","Sul","Operante",-31.34777777,-54.01333333,226.19
"A375","BAIXA GRANDE DO RIBEIRO","BAIXA GRANDE DO RIBEIRO","PI","Nordeste","Operante",-8.333531,-45.094625,519
"A204","BALSAS","BALSAS","MA","Nordeste","Pane",-7.45555555,-46.02749999,271.03
"A565","BAMBUI","BAMBUI","MG","Sudeste","Pane",-20.0311111,-46.00888888,697
"A502","BARBACENA","BARBACENA","MG","Sudeste","Operante",-21.22833332,-43.76777777,1168.76
"A315","BARBALHA","BARBALHA","CE","Nordeste","Pane",-7.30083333,-39.2711111,409.41
"A128","BARCELOS","BARCELOS","AM","Norte","Operante",-0.98722221,-62.92416666,29.88
"A429","BARRA","BARRA","BA","Nordeste","Operante",-11.08472221,-43.13888888,407.5
"A741","BARRA BONITA","BARRA BONITA","SP","Sudeste","Operante",-22.4711111,-48.5575,533.68
"A221","BARRA DO CORDA","BARRA DO CORDA","MA","Nordeste","Pane",-5.50666666,-45.23694444,154.19
"A746","BARRA DO TURVO","BARRA DO TURVO","SP","Sudeste","Operante",-24.96277777,-48.41638888,659.89
"A402","BARREIRAS","BARREIRAS","BA","Nordeste","Operante",-12.12472221,-45.02694443,474.17
"A748","BARRETOS","BARRETOS","SP","Sudeste","Pane",-20.55916666,-48.54499999,534.36
"A755","BARUERI","BARUERI","SP","Sudeste","Operante",-23.52388888,-46.86944443,776.5
"A759","BATAGUASSU","BATAGUASSU","MS","Centro-oeste","Operante",-21.75,-52.47138888,392.13
"A705","BAURU","BAURU","SP","Sudeste","Operante",-22.35805555,-49.02888888,636.17
"A764","BEBEDOURO","BEBEDOURO","SP","Sudeste","Operante",-20.94805555,-48.47138888,542
"A201","BELEM","BELEM","PA","Norte","Operante",-1.411228,-48.439512,21.17
"A447","BELMONTE","BELMONTE","BA","Nordeste","Operante",-16.08805555,-39.21527777,89.67
"A521","BELO HORIZONTE (PAMPULHA)","BELO HORIZONTE","MG","Sudeste","Operante",-19.88388888,-43.96944443,854.02
"F501","BELO HORIZONTE - CERCADINHO"," CERCADINHO","MG","Sudeste","Operante",-19.97999999,-43.95861111,1199.55
"A840","BENTO GONCALVES","BENTO GONCALVES","RS","Sul","Operante",-29.164581,-51.534202,623.27
"A765","BERTIOGA","BERTIOGA","SP","Sudeste","Operante",-23.84472221,-46.14333333,5
"A135","BOA VISTA","BOA VISTA","RR","Norte","Operante",2.81694443,-60.69083333,82.35
"A110","BOCA DO ACRE","BOCA DO ACRE","AM","Norte","Operante",-8.77666666,-67.33249999,111.98
"A845","BOM JARDIM DA SERRA - MORRO DA IGREJA"," MORRO DA IGREJA","SC","Sul","Operante",-28.12694443,-49.47972221,1790.38
"A418","BOM JESUS DA LAPA","BOM JESUS DA LAPA","BA","Nordeste","Pane",-13.25111111,-43.40527777,447.75
"A326","BOM JESUS DO PIAUI","BOM JESUS DO PIAUI","PI","Nordeste","Operante",-9.07999999,-44.32777777,288
"A226","BRAGANCA","BRAGANCA","PA","Norte","Operante",-1.05583333,-46.78277777,5.6
"A744","BRAGANCA PAULISTA","BRAGANCA PAULISTA","SP","Sudeste","Operante",-22.94916666,-46.5261111,891
"A001","BRASILIA","BRASILIA","DF","Centro-oeste","Operante",-15.78944444,-47.92583332,1160.96
"A927","BRASNORTE (NOVO MUNDO)","BRASNORTE","MT","Centro-oeste","Operante",-12.52194443,-58.23138888,426.2
"A042","BRAZLANDIA","BRAZLANDIA","DF","Centro-oeste","Operante",-15.59972221,-48.1311111,1143
"A421","BREJO GRANDE","BREJO GRANDE","SE","Nordeste","Operante",-10.47388888,-36.48194443,6.11
"A228","BREVES","BREVES","PA","Norte","Pane",-1.68027777,-50.47805554,11
"A433","BRUMADO","BRUMADO","BA","Nordeste","Operante",-14.18194443,-41.67222221,473.37
"A238","BURITICUPU","BURITICUPU","MA","Nordeste","Operante",-4.32055554,-46.44944444,174.91
"A432","BURITIRAMA","BURITIRAMA","BA","Nordeste","Pane",-10.72305554,-43.65111111,506.06
"A544","BURITIS","BURITIS","MG","Sudeste","Operante",-15.52416666,-46.43555555,894
"A348","CABACEIRAS","CABACEIRAS","PB","Nordeste","Pane",-7.48333333,-36.28638888,391.96
"A329","CABROBO","CABROBO","PE","Nordeste","Operante",-8.50388888,-39.31527777,342.74
"A859","CACADOR","CACADOR","SC","Sul","Pane",-26.81916666,-50.98555555,944.26
"A812","CACAPAVA DO SUL","CACAPAVA DO SUL","RS","Sul","Operante",-30.54527777,-53.46694443,420.82
"A769","CACHOEIRA PAULISTA","CACHOEIRA PAULISTA","SP","Sudeste","Operante",-22.68888888,-45.00555555,586
"A939","CACOAL","CACOAL","RO","Norte","Operante",-11.44583333,-61.43416666,183.53
"A023","CAIAPONIA","CAIAPONIA","GO","Centro-oeste","Operante",-16.96694443,-51.81749999,740.1
"A316","CAICO","CAICO","RN","Nordeste","Operante",-6.46749999,-37.08499999,171.26
"A344","CALCANHAR","CALCANHAR","RN","Nordeste","Operante",-5.16,-35.48749999,9.82
"A530","CALDAS","CALDAS","MG","Sudeste","Operante",-21.918066,-46.382996,1077.34
"A838","CAMAQUA","CAMAQUA","RS","Sul","Operante",-30.80805555,-51.83416666,92.3
"A352","CAMARATUBA","CAMARATUBA","PB","Nordeste","Operante",-6.56194444,-35.13527777,135.51
"A897","CAMBARA DO SUL","CAMBARA DO SUL","RS","Sul","Operante",-29.04916666,-50.14972221,1017
"A604","CAMBUCI","CAMBUCI","RJ","Sudeste","Pane",-21.58749999,-41.95833333,46
"A236","CAMETA","CAMETA","PA","Norte","Pane",-2.23972221,-49.49972221,9.92
"B803","CAMPINA DA LAGOA","CAMPINA DA LAGOA","PR","Sul","Operante",-24.57083332,-52.80027777,598
"A313","CAMPINA GRANDE","CAMPINA GRANDE","PB","Nordeste","Operante",-7.22555554,-35.90472222,546.17
"A519","CAMPINA VERDE","CAMPINA VERDE","MG","Sudeste","Operante",-19.53921,-49.518133,559.07
"A884","CAMPO BOM","CAMPO BOM","RS","Sul","Operante",-29.674293,-51.064042,23.35
"A702","CAMPO GRANDE","CAMPO GRANDE","MS","Centro-oeste","Operante",-20.44722221,-54.72249999,528.47
"A376","CAMPO MAIOR","CAMPO MAIOR","PI","Nordeste","Operante",-4.86416666,-42.14555555,125
"A905","CAMPO NOVO DOS PARECIS","CAMPO NOVO DOS PARECIS","MT","Centro-oeste","Pane",-13.78583333,-57.8386111,525.41
"A912","CAMPO VERDE","CAMPO VERDE","MT","Centro-oeste","Operante",-15.55888888,-55.17944443,747
"A706","CAMPOS DO JORDAO","CAMPOS DO JORDAO","SP","Sudeste","Operante",-22.75027777,-45.60388888,1662.95
"A607","CAMPOS DOS GOYTACAZES","CAMPOS DOS GOYTACAZES","RJ","Sudeste","Operante",-21.71472222,-41.34388888,17
"A620","CAMPOS DOS GOYTACAZES - SAO TOME"," SAO TOME","RJ","Sudeste","Operante",-22.04166666,-41.05166666,7
"A043","CAMPOS LINDOS","CAMPOS LINDOS","TO","Norte","Pane",-8.15472222,-46.63944444,426.56
"A898","CAMPOS NOVOS","CAMPOS NOVOS","SC","Sul","Operante",-27.3886111,-51.21583333,963
"A347","CAMPOS SALES","CAMPOS SALES","CE","Nordeste","Pane",-7.07777777,-40.36277777,577.95
"A879","CANELA","CANELA","RS","Sul","Operante",-29.36888888,-50.82722221,830.93
"A811","CANGUCU","CANGUCU","RS","Sul","Operante",-31.40333333,-52.70083333,446.81
"A365","CANTO DO BURITI","CANTO DO BURITI","PI","Nordeste","Operante",-8.11805554,-42.97583332,312.07
"A887","CAPAO DO LEAO (PELOTAS)","CAPAO DO LEAO","RS","Sul","Operante",-31.8025,-52.40722222,13
"A541","CAPELINHA","CAPELINHA","MG","Sudeste","Operante",-17.70555555,-42.38916666,932.06
"A248","CAPITAO POCO","CAPITAO POCO","PA","Norte","Operante",-1.73472221,-47.0575,79.1
"A337","CARACOL","CARACOL","PI","Nordeste","Pane",-9.28583333,-43.32444443,515.3
"A554","CARATINGA","CARATINGA","MG","Sudeste","Operante",-19.73583333,-42.13722221,609.25
"A405","CARAVELAS","CARAVELAS","BA","Nordeste","Operante",-17.73944444,-39.25861111,6.05
"A926","CARLINDA","CARLINDA","MT","Centro-oeste","Pane",-9.97055554,-55.82749999,293.71
"A629","CARMO","CARMO","RJ","Sudeste","Operante",-21.9386111,-42.60083333,293
"A205","CAROLINA","CAROLINA","MA","Nordeste","Operante",-7.33722221,-47.45972222,182.88
"A341","CARUARU","CARUARU","PE","Nordeste","Operante",-8.36527777,-36.02833332,852
"A738","CASA BRANCA","CASA BRANCA","SP","Sudeste","Operante",-21.78055554,-47.07527777,734.15
"A742","CASSILANDIA","CASSILANDIA","MS","Centro-oeste","Operante",-19.12249999,-51.72083332,494.72
"A202","CASTANHAL","CASTANHAL","PA","Norte","Operante",-1.30083333,-47.94805555,47.13
"A361","CASTELO DO PIAUI","CASTELO DO PIAUI","PI","Nordeste","Operante",-5.34916666,-41.51222222,268.75
"A819","CASTRO","CASTRO","PR","Sul","Pane",-24.77999999,-50.04638888,1016
"A034","CATALAO","CATALAO","GO","Centro-oeste","Operante",-18.154779,-47.927614,900.72
"A237","CAXIAS","CAXIAS","MA","Nordeste","Operante",-4.82138888,-43.3436111,84.85
"A548","CHAPADA GAUCHA","CHAPADA GAUCHA","MG","Sudeste","Pane",-15.30027777,-45.61749999,873.2
"A730","CHAPADAO DO SUL","CHAPADAO DO SUL","MS","Centro-oeste","Operante",-18.80222222,-52.6025,820.82
"A206","CHAPADINHA","CHAPADINHA","MA","Nordeste","Operante",-3.74277777,-43.35222222,104
"A895","CHAPECO","CHAPECO","SC","Sul","Operante",-27.0853111,-52.6357111,679
"A869","CIDADE GAUCHA","CIDADE GAUCHA","PR","Sul","Operante",-23.35916666,-52.93194443,365.79
"A876","CLEVELANDIA","CLEVELANDIA","PR","Sul","Operante",-26.41722221,-52.3486111,966.06
"A117","COARI","COARI","AM","Norte","Operante",-4.09749999,-63.14527777,33.84
"A222","COLINAS","COLINAS","MA","Nordeste","Operante",-6.03305554,-44.23333333,175.37
"A049","COLINAS DO TOCANTINS","COLINAS DO TOCANTINS","TO","Norte","Operante",-8.092708,-48.478605,200
"B806","COLOMBO","COLOMBO","PR","Sul","Operante",-25.322464,-49.157733,950
"A913","COMODORO","COMODORO","MT","Centro-oeste","Pane",-13.70805555,-59.7625,576.87
"A520","CONCEICAO DAS ALAGOAS","CONCEICAO DAS ALAGOAS","MG","Sudeste","Operante",-19.98583333,-48.15166666,572.54
"A241","CONCEICAO DO ARAGUAIA","CONCEICAO DO ARAGUAIA","PA","Norte","Operante",-8.30361111,-49.28277777,175.74
"A431","CONDE","CONDE","BA","Nordeste","Operante",-12.03583333,-37.68388888,31.9
"A557","CORONEL PACHECO","CORONEL PACHECO","MG","Sudeste","Operante",-21.54666666,-43.26111111,411.14
"A374","CORRENTE","CORRENTE","PI","Nordeste","Operante",-10.42916666,-45.17305554,452
"A416","CORRENTINA","CORRENTINA","BA","Nordeste","Operante",-13.33249999,-44.61749999,551.71
"A724","CORUMBA","CORUMBA","MS","Centro-oeste","Operante",-18.99666666,-57.63749999,111.73
"A355","CORURIPE","CORURIPE","AL","Nordeste","Operante",-10.1286111,-36.28638888,82.39
"A760","COSTA RICA","COSTA RICA","MS","Centro-oeste","Operante",-18.49277777,-53.17138888,727.34
"A919","COTRIGUACU","COTRIGUACU","MT","Centro-oeste","Operante",-9.90638888,-58.57222221,265
"A720","COXIM","COXIM","MS","Centro-oeste","Operante",-18.51222222,-54.7361111,251.48
"A342","CRATEUS","CRATEUS","CE","Nordeste","Operante",-5.18666666,-40.67222221,298.19
"A036","CRISTALINA","CRISTALINA","GO","Centro-oeste","Operante",-16.78499999,-47.61305555,1211.08
"A056","CRISTALINA (FAZENDA SANTA MONICA)","CRISTALINA","GO","Centro-oeste","Operante",-16.39944444,-47.62583332,932
"A853","CRUZ ALTA","CRUZ ALTA","RS","Sul","Operante",-28.60344,-53.673597,426.69
"A406","CRUZ DAS ALMAS","CRUZ DAS ALMAS","BA","Nordeste","Operante",-12.67555554,-39.08944444,219.76
"A108","CRUZEIRO DO SUL","CRUZEIRO DO SUL","AC","Norte","Pane",-7.61055555,-72.6811111,220
"A901","CUIABA","CUIABA","MT","Centro-oeste","Operante",-15.60694444,-56.06083333,184
"A448","CURACA","CURACA","BA","Nordeste","Pane",-9.00138888,-39.9125,370
"A807","CURITIBA","CURITIBA","PR","Sul","Operante",-25.4486111,-49.23055554,922.91
"A860","CURITIBANOS","CURITIBANOS","SC","Sul","Operante",-27.2886111,-50.60416666,978.1
"A538","CURVELO","CURVELO","MG","Sudeste","Operante",-18.74777777,-44.45388888,669.48
"A443","DELFINO","DELFINO","BA","Nordeste","Operante",-10.455,-41.20694444,646.24
"A849","DIAMANTE DO NORTE","DIAMANTE DO NORTE","PR","Sul","Operante",-22.63944444,-52.89027777,368.22
"A537","DIAMANTINA","DIAMANTINA","MG","Sudeste","Operante",-18.231052,-43.648269,1359.25
"A038","DIANOPOLIS","DIANOPOLIS","TO","Norte","Operante",-11.59444444,-46.84722221,727.87
"A848","DIONISIO CERQUEIRA","DIONISIO CERQUEIRA","SC","Sul","Operante",-26.286562,-53.633114,807.54
"A564","DIVINOPOLIS","DIVINOPOLIS","MG","Sudeste","Operante",-20.17333332,-44.87499999,796
"A843","DOIS VIZINHOS","DOIS VIZINHOS","PR","Sul","Operante",-25.69916666,-53.09527777,545.95
"A252","DOM ELISEU","DOM ELISEU","PA","Norte","Operante",-4.28055554,-47.56388888,251
"A881","DOM PEDRITO","DOM PEDRITO","RS","Sul","Operante",-31.0025,-54.61805554,150
"A536","DORES DO INDAIA","DORES DO INDAIA","MG","Sudeste","Operante",-19.48194443,-45.59388888,721.09
"A721","DOURADOS","DOURADOS","MS","Centro-oeste","Operante",-22.19388888,-54.91138888,463.3
"A762","DRACENA","DRACENA","SP","Sudeste","Operante",-21.45777777,-51.55222222,383
"A603","DUQUE DE CAXIAS - XEREM"," XEREM","RJ","Sudeste","Operante",-22.58972221,-43.28222221,22
"A631","ECOPORANGA","ECOPORANGA","ES","Sudeste","Operante",-18.29138888,-40.73638888,224
"A029","EDEIA","EDEIA","GO","Centro-oeste","Operante",-17.33694444,-49.91472222,608
"A109","EIRUNEPE","EIRUNEPE","AM","Norte","Pane",-6.65027777,-69.8686111,121.54
"A893","ENCRUZILHADA DO SUL","ENCRUZILHADA DO SUL","RS","Sul","Operante",-30.54305555,-52.52472221,427.75
"A140","EPITACIOLANDIA","EPITACIOLANDIA","AC","Norte","Operante",-11.02388888,-68.73527777,224.5
"A828","ERECHIM","ERECHIM","RS","Sul","Operante",-27.65777777,-52.30583333,777.08
"A543","ESPINOSA","ESPINOSA","MG","Sudeste","Operante",-14.91222222,-42.80861111,565.36
"A224","ESTREITO","ESTREITO","MA","Nordeste","Operante",-6.65333333,-47.41833332,182.96
"A442","EUCLIDES DA CUNHA","EUCLIDES DA CUNHA","BA","Nordeste","Operante",-10.53722221,-38.99666666,431.96
"A217","FAROL de SANTANA","FAROL de SANTANA","MA","Nordeste","Pane",-2.27083332,-43.62416666,9.87
"A138","FEIJO","FEIJO","AC","Norte","Operante",-8.14277777,-70.3436111,157.17
"A413","FEIRA DE SANTANA","FEIRA DE SANTANA","BA","Nordeste","Operante",-12.1961111,-38.96749999,229.64
"A351","FLORESTA","FLORESTA","PE","Nordeste","Operante",-8.59888888,-38.58416666,327.42
"A535","FLORESTAL","FLORESTAL","MG","Sudeste","Pane",-19.88527777,-44.41694443,753.5
"A311","FLORIANO","FLORIANO","PI","Nordeste","Pane",-6.76138888,-43.00333333,126.39
"A806","FLORIANOPOLIS","FLORIANOPOLIS","SC","Sul","Operante",-27.6025,-48.61999999,4.87
"A524","FORMIGA","FORMIGA","MG","Sudeste","Operante",-20.455,-45.45388888,878.14
"A452","FORMOSA DO RIO PRETO","FORMOSA DO RIO PRETO","BA","Nordeste","Operante",-11.05222222,-45.20083333,488
"A039","FORMOSO DO ARAGUAIA","FORMOSO DO ARAGUAIA","TO","Norte","Operante",-11.88749999,-49.60833333,215.2
"A305","FORTALEZA","FORTALEZA","CE","Nordeste","Pane",-3.81583333,-38.53777777,29.55
"A846","FOZ DO IGUACU","FOZ DO IGUACU","PR","Sul","Operante",-25.60194444,-54.48305554,235.09
"A708","FRANCA","FRANCA","SP","Sudeste","Pane",-20.58444444,-47.38249999,1002.74
"A854","FREDERICO WESTPHALEN","FREDERICO WESTPHALEN","RS","Sul","Operante",-27.39555555,-53.42944443,489.42
"A046","GAMA (PONTE ALTA)","GAMA","DF","Centro-oeste","Operante",-15.93527777,-48.13749999,990
"A322","GARANHUNS","GARANHUNS","PE","Nordeste","Operante",-8.91083333,-36.49333333,827.78
"A930","GAUCHA DO NORTE","GAUCHA DO NORTE","MT","Centro-oeste","Pane",-13.18472221,-53.2575,375.87
"A875","GENERAL CARNEIRO","GENERAL CARNEIRO","PR","Sul","Operante",-26.3986111,-51.35361111,1009.01
"A364","GILBUES","GILBUES","PI","Nordeste","Operante",-9.87527777,-45.34583333,425.1
"A022","GOIANESIA","GOIANESIA","GO","Centro-oeste","Operante",-15.22027777,-48.98999999,667.01
"A002","GOIANIA","GOIANIA","GO","Centro-oeste","Operante",-16.64277777,-49.22027777,727.3
"A014","GOIAS","GOIAS","GO","Centro-oeste","Operante",-15.93972221,-50.14138888,512.86
"A825","GOIOERE","GOIOERE","PR","Sul","Operante",-24.18388888,-53.04888888,481
"A532","GOVERNADOR VALADARES","GOVERNADOR VALADARES","MG","Sudeste","Operante",-18.830354,-41.977007,198.24
"A207","GRAJAU","GRAJAU","MA","Nordeste","Operante",-5.81611111,-46.16222222,232.29
"A426","GUANAMBI","GUANAMBI","BA","Nordeste","Operante",-14.20805555,-42.74972221,552.23
"A533","GUANHAES","GUANHAES","MG","Sudeste","Operante",-18.78694444,-42.94305555,852.68
"A314","GUARAMIRANGA","GUARAMIRANGA","CE","Nordeste","Pane",-4.22916666,-38.95888888,865.53
"A906","GUARANTA DO NORTE","GUARANTA DO NORTE","MT","Centro-oeste","Operante",-9.9525,-54.89777777,283.58
"A546","GUARDA-MOR","MOR","MG","Sudeste","Operante",-17.56138888,-47.19916666,997.01
"A932","GUIRATINGA","GUIRATINGA","MT","Centro-oeste","Pane",-16.34166666,-53.76611111,525.43
"A019","GURUPI","GURUPI","TO","Norte","Operante",-11.74499999,-49.05166666,274
"A112","HUMAITA","HUMAITA","AM","Norte","Operante",-7.5525,-63.07138888,53.56
"A349","IBIMIRIM","IBIMIRIM","PE","Nordeste","Pane",-8.50944444,-37.71166666,434.23
"A555","IBIRITE (ROLA MOCA)","IBIRITE","MG","Sudeste","Operante",-20.03138888,-44.01111111,1198.82
"A883","IBIRUBA","IBIRUBA","RS","Sul","Operante",-28.65333333,-53.11194444,455.27
"A737","IBITINGA","IBITINGA","SP","Sudeste","Pane",-21.85555555,-48.79972221,496.75
"A439","IBOTIRAMA","IBOTIRAMA","BA","Nordeste","Operante",-12.19305555,-43.21333333,425.12
"A824","ICARAIMA","ICARAIMA","PR","Sul","Pane",-23.39027777,-53.63583333,381.29
"A712","IGUAPE","IGUAPE","SP","Sudeste","Operante",-24.67166666,-47.54583333,2.7
"A319","IGUATU","IGUATU","CE","Nordeste","Pane",-6.39638888,-39.26888888,221.56
"A410","ILHEUS","ILHEUS","BA","Nordeste","Operante",-14.65888888,-39.18138888,80.21
"A225","IMPERATRIZ","IMPERATRIZ","MA","Nordeste","Operante",-5.55583333,-47.45972222,117.96
"A823","INACIO MARTINS","INACIO MARTINS","PR","Sul","Operante",-25.567879,-51.077946,1208.85
"A817","INDAIAL","INDAIAL","SC","Sul","Operante",-26.91361111,-49.26805554,72.24
"A372","IPANGUACU","IPANGUACU","RN","Nordeste","Operante",-5.53499999,-36.87222221,19
"A713","IPERO","IPERO","SP","Sudeste","Operante",-23.4261111,-47.58555555,609.33
"A445","IPIAU","IPIAU","BA","Nordeste","Operante",-14.17138888,-39.69249999,132.11
"A028","IPORA","IPORA","GO","Centro-oeste","Operante",-16.42305554,-51.14888888,610.41
"A424","IRECE","IRECE","BA","Nordeste","Operante",-11.32888888,-41.86444444,768.42
"A451","ITABAIANA","ITABAIANA","SE","Nordeste","Pane",-10.67166666,-37.47138888,213
"A417","ITABAIANINHA","ITABAIANINHA","SE","Nordeste","Operante",-11.27249999,-37.79499999,204.8
"A408","ITABERABA","ITABERABA","BA","Nordeste","Operante",-12.52416666,-40.29972221,250.11
"A121","ITACOATIARA","ITACOATIARA","AM","Norte","Operante",-3.13333333,-58.48277777,41.54
"A231","ITAITUBA","ITAITUBA","PA","Norte","Operante",-4.27694443,-55.99305555,24.46
"A868","ITAJAI","ITAJAI","SC","Sul","Operante",-26.95083333,-48.76194444,9.76
"A455","ITAMARAJU","ITAMARAJU","BA","Nordeste","Pane",-17.00694444,-39.55805555,110
"A550","ITAOBIM","ITAOBIM","MG","Sudeste","Operante",-16.57555554,-41.48555555,271.63
"A015","ITAPACI","ITAPACI","GO","Centro-oeste","Operante",-14.97972221,-49.53944444,551
"A446","ITAPETINGA","ITAPETINGA","BA","Nordeste","Operante",-15.24472221,-40.22944443,271.48
"A714","ITAPEVA","ITAPEVA","SP","Sudeste","Operante",-23.98194443,-48.88583333,743.33
"A359","ITAPIPOCA","ITAPIPOCA","CE","Nordeste","Pane",-3.48416666,-39.5886111,104.49
"A739","ITAPIRA","ITAPIRA","SP","Sudeste","Operante",-22.415,-46.80527777,634.89
"A851","ITAPOA","ITAPOA","SC","Sul","Operante",-26.08138888,-48.64166666,6.18
"A373","ITAPORANGA","ITAPORANGA","PB","Nordeste","Operante",-7.31833332,-38.14083333,292
"A752","ITAQUIRAI","ITAQUIRAI","MS","Centro-oeste","Operante",-23.44944444,-54.18194443,337.82
"A251","ITAUBAL","ITAUBAL","AP","Norte","Pane",0.56777777,-50.8236111,21
"A933","ITIQUIRA","ITIQUIRA","MT","Centro-oeste","Operante",-17.17499999,-54.50166666,593.12
"A407","ITIRUCU","ITIRUCU","BA","Nordeste","Operante",-13.52777777,-40.11972221,757.42
"A512","ITUIUTABA","ITUIUTABA","MG","Sudeste","Operante",-18.95277777,-49.52499999,540.08
"A035","ITUMBIARA","ITUMBIARA","GO","Centro-oeste","Operante",-18.40972222,-49.19194444,491.17
"A863","ITUPORANGA","ITUPORANGA","SC","Sul","Operante",-27.41833332,-49.64694444,479.79
"A753","ITUVERAVA","ITUVERAVA","SP","Sudeste","Operante",-20.35972222,-47.77527777,610.58
"A818","IVAI","IVAI","PR","Sul","Operante",-25.01083333,-50.85388888,803.58
"A709","IVINHEMA","IVINHEMA","MS","Centro-oeste","Operante",-22.30055555,-53.82277777,377.36
"A440","JACOBINA","JACOBINA","BA","Nordeste","Pane",-11.205,-40.465,440.78
"A836","JAGUARAO","JAGUARAO","RS","Sul","Operante",-32.53472221,-53.37583332,31.48
"A358","JAGUARIBE","JAGUARIBE","CE","Nordeste","Operante",-5.90555555,-38.62777777,149.31
"A339","JAGUARUANA","JAGUARUANA","CE","Nordeste","Operante",-4.83777777,-37.69972221,12
"A733","JALES","JALES","SP","Sudeste","Operante",-20.165,-50.59499999,460.44
"A559","JANUARIA","JANUARIA","MG","Sudeste","Operante",-15.44805555,-44.36638888,468
"A871","JAPIRA","JAPIRA","PR","Sul","Operante",-23.77333332,-50.18055554,692.88
"A758","JARDIM","JARDIM","MS","Centro-oeste","Operante",-21.4786111,-56.13777777,252.47
"A016","JATAI","JATAI","GO","Centro-oeste","Operante",-17.9236111,-51.71749999,670.08
"A450","JEREMOABO","JEREMOABO","BA","Nordeste","Operante",-10.08083332,-38.34583333,261
"A841","JOACABA","JOACABA","SC","Sul","Operante",-27.16916666,-51.55888888,767.63
"A320","JOAO PESSOA","JOAO PESSOA","PB","Nordeste","Operante",-7.16527777,-34.81555555,33.5
"A553","JOAO PINHEIRO","JOAO PINHEIRO","MG","Sudeste","Operante",-17.78444444,-46.11944443,877.05
"A821","JOAQUIM TAVORA","JOAQUIM TAVORA","PR","Sul","Operante",-23.50527777,-49.94638888,512.67
"A735","JOSE BONIFACIO","JOSE BONIFACIO","SP","Sudeste","Pane",-21.08555555,-49.92027777,408.35
"A914","JUARA","JUARA","MT","Centro-oeste","Pane",-11.28027777,-57.52666666,263.43
"A920","JUINA","JUINA","MT","Centro-oeste","Operante",-11.37499999,-58.77472221,365.39
"A518","JUIZ DE FORA","JUIZ DE FORA","MG","Sudeste","Operante",-21.769965,-43.364329,936.88
"A749","JUTI","JUTI","MS","Centro-oeste","Operante",-22.85722222,-54.60555555,375.18
"A111","LABREA","LABREA","AM","Norte","Pane",-7.26055555,-64.7886111,61.91
"A865","LAGES","LAGES","SC","Sul","Operante",-27.80222222,-50.33555555,952.7
"A055","LAGOA DA CONFUSAO","LAGOA DA CONFUSAO","TO","Norte","Operante",-10.828286,-49.847882,178
"A844","LAGOA VERMELHA","LAGOA VERMELHA","RS","Sul","Operante",-28.222381,-51.512845,833.83
"B804","LARANJEIRAS DO SUL","LARANJEIRAS DO SUL","PR","Sul","Operante",-25.37138888,-52.40083333,889
"A425","LENCOIS","LENCOIS","BA","Nordeste","Operante",-12.55777777,-41.38888888,438.09
"A614","LINHARES","LINHARES","ES","Sudeste","Operante",-19.35694444,-40.0686111,40
"A727","LINS","LINS","SP","Sudeste","Operante",-21.66611111,-49.73472221,460.65
"A404","LUIZ EDUARDO MAGALHAES","LUIZ EDUARDO MAGALHAES","BA","Nordeste","Operante",-12.1525,-45.82972221,760.68
"A012","LUZIANIA","LUZIANIA","GO","Centro-oeste","Operante",-16.26055555,-47.96694443,1000.82
"A866","Laguna  - Farol de Santa Marta"," Farol de Santa Marta","SC","Sul","Pane",-28.60444444,-48.81333333,34.36
"A608","MACAE","MACAE","RJ","Sudeste","Operante",-22.3761111,-41.81194444,28
"A412","MACAJUBA","MACAJUBA","BA","Nordeste","Pane",-12.13166666,-40.35416666,360
"A249","MACAPA","MACAPA","AP","Norte","Operante",0.03499999,-51.08888888,16.62
"A317","MACAU","MACAU","RN","Nordeste","Operante",-5.15111111,-36.57305554,17.37
"A303","MACEIO","MACEIO","AL","Nordeste","Operante",-9.55111111,-35.77027777,84.12
"A567","MACHADO","MACHADO","MG","Sudeste","Pane",-21.68083332,-45.94444444,969
"A864","MAJOR VIEIRA","MAJOR VIEIRA","SC","Sul","Operante",-26.3936111,-50.36333333,799.58
"A820","MAL, CANDIDO RONDON","MAL, CANDIDO RONDON","PR","Sul","Operante",-24.53333333,-54.01916666,392.07
"A119","MANACAPURU","MANACAPURU","AM","Norte","Operante",-3.29472221,-60.62833332,36.57
"A101","MANAUS","MANAUS","AM","Norte","Operante",-3.10333333,-60.01638888,61.25
"A556","MANHUACU","MANHUACU","MG","Sudeste","Operante",-20.26333333,-42.18277777,819.47
"A133","MANICORE","MANICORE","AM","Norte","Operante",-5.7886111,-61.28833333,40.64
"A540","MANTENA","MANTENA","MG","Sudeste","Operante",-18.78062,-40.986505,254.91
"A240","MARABA","MARABA","PA","Norte","Pane",-5.36638888,-49.05111111,116.58
"A731","MARACAJU","MARACAJU","MS","Centro-oeste","Operante",-21.60916666,-55.17749999,388.94
"A438","MARAU","MARAU","BA","Nordeste","Pane",-13.90694444,-38.97222221,6.24
"A137","MARECHAL THAUMATURGO","MARECHAL THAUMATURGO","AC","Norte","Pane",-8.95,-72.78666666,220.98
"A531","MARIA DA FE","MARIA DA FE","MG","Sudeste","Operante",-22.31444444,-45.37305554,1281.43
"A041","MARIANOPOLIS DO TO","MARIANOPOLIS DO TO","TO","Norte","Operante",-9.57638888,-49.72333332,186.69
"A632","MARILANDIA","MARILANDIA","ES","Sudeste","Operante",-19.40722222,-40.53972221,95
"A763","MARILIA","MARILIA","SP","Sudeste","Operante",-22.23527777,-49.965,660
"A835","MARINGA","MARINGA","PR","Sul","Operante",-23.40527777,-51.93277777,548.51
"A040","MATEIROS","MATEIROS","TO","Norte","Operante",-10.43444444,-45.92194443,791
"A122","MAUES","MAUES","AM","Norte","Pane",-3.39888888,-57.67388888,25.49
"A209","MEDICILANDIA","MEDICILANDIA","PA","Norte","Pane",-3.51083333,-52.96333333,251.68
"A246","MINA DO PALITO","MINA DO PALITO","PA","Norte","Pane",-6.31999999,-55.78777777,259.88
"A026","MINEIROS","MINEIROS","GO","Centro-oeste","Pane",-17.45472222,-52.60111111,862
"A722","MIRANDA","MIRANDA","MS","Centro-oeste","Operante",-20.39555555,-56.43166666,132.49
"A539","MOCAMBINHO","MOCAMBINHO","MG","Sudeste","Operante",-15.08583333,-44.01611111,454
"A526","MONTALVANIA","MONTALVANIA","MG","Sudeste","Operante",-14.40833333,-44.40416666,519.52
"A239","MONTE ALEGRE","MONTE ALEGRE","PA","Norte","Operante",-2,-54.07638888,100.53
"A032","MONTE ALEGRE DE GOIAS","MONTE ALEGRE DE GOIAS","GO","Centro-oeste","Operante",-13.25361111,-46.89027777,552
"A509","MONTE VERDE","MONTE VERDE","MG","Sudeste","Operante",-22.86166666,-46.04333333,1544.89
"A334","MONTEIRO","MONTEIRO","PB","Nordeste","Pane",-7.89444444,-37.12472221,606.39
"A506","MONTES CLAROS","MONTES CLAROS","MG","Sudeste","Operante",-16.68638888,-43.84388888,645.87
"A332","MORADA NOVA","MORADA NOVA","CE","Nordeste","Operante",-5.0911111,-38.36472222,93
"A873","MORRETES","MORRETES","PR","Sul","Operante",-25.50888888,-48.80861111,50.31
"A003","MORRINHOS","MORRINHOS","GO","Centro-oeste","Operante",-17.74499999,-49.10166666,751.09
"A318","MOSSORO","MOSSORO","RN","Nordeste","Operante",-4.90416666,-37.36694443,29.44
"A878","MOSTARDAS","MOSTARDAS","RS","Sul","Pane",-31.24833333,-50.90638888,3.82
"A517","MURIAE","MURIAE","MG","Sudeste","Operante",-21.105,-42.37583332,282.79
"A304","NATAL","NATAL","RN","Nordeste","Operante",-5.83722221,-35.20805555,47.46
"A717","NHUMIRIM","NHUMIRIM","MS","Centro-oeste","Operante",-18.9886111,-56.62277777,102.26
"A627","NITEROI","NITEROI","RJ","Sudeste","Operante",-22.86749999,-43.10194444,6
"A453","NOSSA SENHORA DA GLORIA","NOSSA SENHORA DA GLORIA","SE","Nordeste","Operante",-10.20777777,-37.43194443,271
"A842","NOVA FATIMA","NOVA FATIMA","PR","Sul","Operante",-23.41527777,-50.57777777,664.31
"A624","NOVA FRIBURGO - SALINAS"," SALINAS","RJ","Sudeste","Operante",-22.33472221,-42.67694443,1070
"A928","NOVA MARINGA","NOVA MARINGA","MT","Centro-oeste","Operante",-13.0386111,-57.09222221,334.36
"A563","NOVA PORTEIRINHA (JANAUBA)","NOVA PORTEIRINHA","MG","Sudeste","Operante",-15.80277777,-43.29694444,532
"A822","NOVA TEBAS","NOVA TEBAS","PR","Sul","Operante",-24.43388888,-51.95388888,660
"A929","NOVA UBIRATA","NOVA UBIRATA","MT","Centro-oeste","Pane",-13.41111111,-54.75222222,466.48
"A144","NOVO ARIPUANA","NOVO ARIPUANA","AM","Norte","Operante",-8.0911111,-60.38055554,45
"A816","NOVO HORIZONTE","NOVO HORIZONTE","SC","Sul","Operante",-26.40638888,-52.85027777,943.57
"A235","NOVO REPARTIMENTO","NOVO REPARTIMENTO","PA","Norte","Operante",-4.24388888,-49.93944444,100.76
"A232","OBIDOS","OBIDOS","PA","Norte","Operante",-1.88083332,-55.51972221,89.64
"A354","OEIRAS","OEIRAS","PI","Nordeste","Operante",-6.97416666,-42.14694444,154.03
"A242","OIAPOQUE","OIAPOQUE","AP","Norte","Operante",3.81361111,-51.8625,15.14
"A570","OLIVEIRA","OLIVEIRA","MG","Sudeste","Operante",-20.715,-44.86444444,1025
"A366","OURICURI","OURICURI","PE","Nordeste","Operante",-7.88583333,-40.10277777,457.85
"A716","OURINHOS","OURINHOS","SP","Sudeste","Operante",-23.00055555,-49.84333333,500
"A513","OURO BRANCO","OURO BRANCO","MG","Sudeste","Operante",-20.55666666,-43.75611111,1048.2
"A210","PACAJA","PACAJA","PA","Norte","Operante",-3.8436111,-50.63805555,89.02
"A357","PALMARES","PALMARES","PE","Nordeste","Operante",-8.66666666,-35.56805554,164.01
"A009","PALMAS","PALMAS","TO","Norte","Operante",-10.14777777,-48.31444444,267
"A856","PALMEIRA DAS MISSOES","PALMEIRA DAS MISSOES","RS","Sul","Operante",-27.92027777,-53.31805554,614.11
"A327","PALMEIRA DOS INDIOS","PALMEIRA DOS INDIOS","AL","Nordeste","Operante",-9.42027777,-36.62027777,278.01
"A323","PAO DE ACUCAR","PAO DE ACUCAR","AL","Nordeste","Operante",-9.74916666,-37.43083332,20.83
"A571","PARACATU","PARACATU","MG","Sudeste","Operante",-17.24444444,-46.88166666,705
"A212","PARAGOMINAS","PARAGOMINAS","PA","Norte","Operante",-2.90055555,-47.49499999,88
"A010","PARANA","PARANA","TO","Norte","Operante",-12.615,-47.87194443,284.96
"A710","PARANAIBA","PARANAIBA","MS","Centro-oeste","Operante",-19.69555555,-51.18166666,408.06
"A850","PARANAPOEMA","PARANAPOEMA","PR","Sul","Operante",-22.65833333,-52.13444444,308.7
"A915","PARANATINGA","PARANATINGA","MT","Centro-oeste","Operante",-14.42138888,-54.0361111,476.91
"A047","PARANOA (COOPA-DF)","PARANOA","DF","Centro-oeste","Operante",-16.012222,-47.557417,1043
"A619","PARATY","PARATY","RJ","Sudeste","Operante",-23.2236111,-44.72694443,3
"A027","PARAUNA","PARAUNA","GO","Centro-oeste","Operante",-16.9625,-50.42555554,678.74
"A123","PARINTINS","PARINTINS","AM","Norte","Operante",-2.63916666,-56.75611111,18.72
"A308","PARNAIBA","PARNAIBA","PI","Nordeste","Operante",-3.08666666,-41.78305554,52.11
"A102","PARQUE ESTADUAL CHANDLESS","PARQUE ESTADUAL CHANDLESS","AC","Norte","Pane",-9.35833333,-69.92638888,184.51
"A529","PASSA QUATRO","PASSA QUATRO","MG","Sudeste","Operante",-22.39583333,-44.96194444,1017.1
"A839","PASSO FUNDO","PASSO FUNDO","RS","Sul","Operante",-28.22666666,-52.40361111,680.67
"A516","PASSOS","PASSOS","MG","Sudeste","Operante",-20.745237,-46.633916,781.7
"A321","PATOS","PATOS","PB","Nordeste","Operante",-7.07972221,-37.27277777,263.66
"A562","PATOS DE MINAS","PATOS DE MINAS","MG","Sudeste","Operante",-18.52055554,-46.44055555,950
"A523","PATROCINIO","PATROCINIO","MG","Sudeste","Pane",-18.99666666,-46.98583333,978.11
"A330","PAULISTANA","PAULISTANA","PI","Nordeste","Operante",-8.132288,-41.142945,376
"A020","PEDRO AFONSO","PEDRO AFONSO","TO","Norte","Operante",-8.9686111,-48.17722221,189.71
"A018","PEIXE","PEIXE","TO","Norte","Operante",-12.01527777,-48.54444444,250.87
"A307","PETROLINA","PETROLINA","PE","Nordeste","Pane",-9.38833333,-40.52333332,372.72
"A430","PIATA","PIATA","BA","Nordeste","Operante",-13.155681,-41.774125,1283.95
"A610","PICO DO COUTO","PICO DO COUTO","RJ","Sudeste","Operante",-22.46472222,-43.29138888,1777
"A343","PICOS","PICOS","PI","Nordeste","Operante",-7.0711111,-41.40416666,232.91
"A726","PIRACICABA","PIRACICABA","SP","Sudeste","Operante",-22.70305555,-47.62333332,566.46
"A371","PIRANHAS","PIRANHAS","AL","Nordeste","Operante",-9.62222221,-37.76722221,187
"A545","PIRAPORA","PIRAPORA","MG","Sudeste","Operante",-17.258064,-44.835556,505.32
"A033","PIRES DO RIO","PIRES DO RIO","GO","Centro-oeste","Operante",-17.30416666,-48.28416666,757.27
"A335","PIRIPIRI","PIRIPIRI","PI","Nordeste","Operante",-4.2761111,-41.79444444,157.89
"A051","PIUM","PIUM","TO","Norte","Pane",-10.47694443,-49.62944443,161
"A211","PLACAS","PLACAS","PA","Norte","Operante",-3.86416666,-54.21638888,100.45
"A855","PLANALTO","PLANALTO","PR","Sul","Operante",-25.72194443,-53.74805555,399.1
"A419","POCO VERDE","POCO VERDE","SE","Nordeste","Pane",-10.73805555,-38.10833333,367.01
"A560","POMPEU","POMPEU","MG","Sudeste","Operante",-19.23249999,-44.96416666,705
"A703","PONTA PORA","PONTA PORA","MS","Centro-oeste","Operante",-22.5525,-55.71638888,668
"A937","PONTES E LACERDA","PONTES E LACERDA","MT","Centro-oeste","Pane",-15.23444444,-59.3461111,272.53
"A005","PORANGATU","PORANGATU","GO","Centro-oeste","Operante",-13.30944444,-49.11749999,365
"A801","PORTO ALEGRE - JARDIM BOTANICO"," JARDIM BOTANICO","RS","Sul","Operante",-30.05361111,-51.17472221,41.18
"B807","PORTO ALEGRE- BELEM NOVO"," BELEM NOVO","RS","Sul","Operante",-30.1861111,-51.17805554,3.3
"A245","PORTO DE MOZ","PORTO DE MOZ","PA","Norte","Operante",-1.82194443,-52.11166666,19
"A935","PORTO ESTRELA","PORTO ESTRELA","MT","Centro-oeste","Pane",-15.32472221,-57.22583332,147.75
"A244","PORTO GRANDE","PORTO GRANDE","AP","Norte","Operante",0.69416666,-51.40388888,84.8
"A723","PORTO MURTINHO","PORTO MURTINHO","MS","Centro-oeste","Operante",-21.70583333,-57.88666666,78.56
"A427","PORTO SEGURO","PORTO SEGURO","BA","Nordeste","Pane",-16.38888888,-39.18249999,86.36
"A925","PORTO VELHO","PORTO VELHO","RO","Norte","Operante",-8.7936111,-63.84583333,86.7
"A136","PORTO WALTER","PORTO WALTER","AC","Norte","Pane",-8.26722221,-72.74777777,205.35
"A017","POSSE","POSSE","GO","Centro-oeste","Operante",-14.08916666,-46.36638888,830
"A747","PRADOPOLIS","PRADOPOLIS","SP","Sudeste","Operante",-21.33833333,-48.11388888,544
"A218","PREGUICAS","PREGUICAS","MA","Nordeste","Operante",-2.59222221,-42.7075,4.62
"A126","PRESIDENTE FIGUEIREDO","PRESIDENTE FIGUEIREDO","AM","Norte","Pane",-2.05666666,-60.02583332,60.99
"A622","PRESIDENTE KENNEDY","PRESIDENTE KENNEDY","ES","Sudeste","Operante",-21.10083333,-41.03944444,69.12
"A707","PRESIDENTE PRUDENTE","PRESIDENTE PRUDENTE","SP","Sudeste","Operante",-22.11999999,-51.40861111,431.92
"A923","PRIMAVERA DO LESTE","PRIMAVERA DO LESTE","MT","Centro-oeste","Pane",-15.57999999,-54.3811111,680
"A637","Paty do Alferes - Avelar"," Avelar","RJ","Sudeste","Operante",-22.34722221,-43.41777777,508
"A831","QUARAI","QUARAI","RS","Sul","Operante",-30.368578,-56.437115,113.05
"A436","QUEIMADAS","QUEIMADAS","BA","Nordeste","Pane",-10.98472221,-39.61694443,310.11
"A916","QUERENCIA","QUERENCIA","MT","Centro-oeste","Operante",-12.60305555,-52.1625,355
"A369","QUIXADA","QUIXADA","CE","Nordeste","Operante",-4.97888888,-39.05722222,193
"A325","QUIXERAMOBIM","QUIXERAMOBIM","CE","Nordeste","Pane",-5.17444443,-39.28944444,221.04
"A718","RANCHARIA","RANCHARIA","SP","Sudeste","Operante",-22.37277777,-50.97472221,398.75
"A870","RANCHO QUEIMADO","RANCHO QUEIMADO","SC","Sul","Operante",-27.6786111,-49.04194444,881
"A254","REDENCAO","REDENCAO","PA","Norte","Operante",-8.04333333,-50.00694444,199
"A766","REGISTRO","REGISTRO","SP","Sudeste","Pane",-24.53305554,-47.86416666,35
"A423","REMANSO","REMANSO","BA","Nordeste","Operante",-9.62555554,-42.07722221,397.4
"A609","RESENDE","RESENDE","RJ","Sudeste","Operante",-22.45138888,-44.44499999,438.83
"A458","RIBEIRA DO AMPARO","RIBEIRA DO AMPARO","BA","Nordeste","Operante",-11.05861111,-38.44416666,182
"A104","RIO BRANCO","RIO BRANCO","AC","Norte","Operante",-9.95920402,-67.86898266,163
"A743","RIO BRILHANTE","RIO BRILHANTE","MS","Centro-oeste","Operante",-21.77499999,-54.52805554,324.31
"A626","RIO CLARO","RIO CLARO","RJ","Sudeste","Operante",-22.653579,-44.040916,516
"A652","RIO DE JANEIRO - FORTE DE COPACABANA"," FORTE DE COPACABANA","RJ","Sudeste","Operante",-22.98833333,-43.19055555,25.59
"A636","RIO DE JANEIRO - JACAREPAGUA"," JACAREPAGUA","RJ","Sudeste","Operante",-22.93999999,-43.40277777,20
"A621","RIO DE JANEIRO - VILA MILITAR"," VILA MILITAR","RJ","Sudeste","Operante",-22.86138888,-43.41138888,30.43
"A602","RIO DE JANEIRO-MARAMBAIA","MARAMBAIA","RJ","Sudeste","Operante",-23.05027777,-43.59555555,12
"A861","RIO DO CAMPO","RIO DO CAMPO","SC","Sul","Operante",-26.93749999,-50.14555555,591.67
"A802","RIO GRANDE","RIO GRANDE","RS","Sul","Operante",-32.07888888,-52.16777777,4.92
"A862","RIO NEGRINHO","RIO NEGRINHO","SC","Sul","Operante",-26.2486111,-49.57416666,856
"A813","RIO PARDO","RIO PARDO","RS","Sul","Operante",-29.87222221,-52.38194443,106.99
"A551","RIO PARDO DE MINAS","RIO PARDO DE MINAS","MG","Sudeste","Operante",-15.72305554,-42.43583333,850.06
"A050","RIO SONO","RIO SONO","TO","Norte","Operante",-9.793363,-47.132732,291
"A125","RIO URUBU","RIO URUBU","AM","Norte","Operante",-2.6336111,-59.60055555,112.84
"A025","RIO VERDE","RIO VERDE","GO","Centro-oeste","Operante",-17.78527777,-50.965,780.11
"A214","RONDON DO PARA","RONDON DO PARA","PA","Norte","Operante",-4.82749999,-48.1736111,203
"A907","RONDONOPOLIS","RONDONOPOLIS","MT","Centro-oeste","Operante",-16.4625,-54.58027777,289.88
"A944","ROSARIO OESTE","ROSARIO OESTE","MT","Centro-oeste","Operante",-14.82888888,-56.44194444,195
"A134","S, G. DA CACHOEIRA","SAO GABRIEL DA CACHOEIRA","AM","Norte","Operante",-0.125207,-67.061246,79.67
"A903","S,J. DO RIO CLARO","SAO JOSE DO RIO CLARO","MT","Centro-oeste","Operante",-13.45388888,-56.67722221,339.59
"A525","SACRAMENTO","SACRAMENTO","MG","Sudeste","Operante",-19.87527777,-47.43416666,913.12
"A370","SALGUEIRO","SALGUEIRO","PE","Nordeste","Operante",-8.05805555,-39.0961111,447
"A552","SALINAS","SALINAS","MG","Sudeste","Operante",-16.16027777,-42.31027777,487.14
"A215","SALINOPOLIS","SALINOPOLIS","PA","Norte","Operante",-0.61888888,-47.35666666,23.18
"A936","SALTO DO CEU","SALTO DO CEU","MT","Centro-oeste","Operante",-15.12472221,-58.12722221,300.83
"A401","SALVADOR","SALVADOR","BA","Nordeste","Operante",-13.005515,-38.50576,47.56
"A456","SALVADOR (RADIO FAROL)","SALVADOR","BA","Nordeste","Operante",-12.80833333,-38.49583333,31
"A367","SANTA CRUZ","SANTA CRUZ","RN","Nordeste","Operante",-6.22805554,-36.02666666,227.49
"A048","SANTA FE DO ARAGUAIA","SANTA FE DO ARAGUAIA","TO","Norte","Operante",-7.124191,-48.781267,171
"A803","SANTA MARIA","SANTA MARIA","RS","Sul","Operante",-29.72499999,-53.72055554,103.1
"A256","SANTA MARIA DAS BARREIRAS","SANTA MARIA DAS BARREIRAS","PA","Norte","Operante",-8.72972221,-49.85638888,165
"A630","SANTA MARIA MADALENA","SANTA MARIA MADALENA","RJ","Sudeste","Operante",-21.95055555,-42.01027777,586
"A415","SANTA RITA DE CASSIA","SANTA RITA DE CASSIA","BA","Nordeste","Pane",-11.00333333,-44.53638888,450
"A810","SANTA ROSA","SANTA ROSA","RS","Sul","Operante",-27.89055555,-54.47999999,272.84
"A052","SANTA ROSA DO TOCANTINS","SANTA ROSA DO TOCANTINS","TO","Norte","Operante",-11.42888888,-48.18499999,306
"A613","SANTA TERESA","SANTA TERESA","ES","Sudeste","Operante",-19.98833333,-40.57944443,975.92
"A233","SANTANA DO ARAGUAIA","SANTANA DO ARAGUAIA","PA","Norte","Operante",-9.34055555,-50.35027777,154
"A804","SANTANA DO LIVRAMENTO","SANTANA DO LIVRAMENTO","RS","Sul","Operante",-30.75055555,-55.40138888,196
"A250","SANTAREM","SANTAREM","PA","Norte","Operante",-2.5025,-54.72027777,137
"A833","SANTIAGO","SANTIAGO","RS","Sul","Operante",-29.191599,-54.885653,390.03
"A931","SANTO ANTONIO DO LESTE","SANTO ANTONIO DO LESTE","MT","Centro-oeste","Operante",-14.92499999,-53.88444444,662
"A805","SANTO AUGUSTO","SANTO AUGUSTO","RS","Sul","Operante",-27.85444444,-53.7911111,489.67
"A830","SAO BORJA","SAO BORJA","RS","Sul","Operante",-28.65,-56.01638888,81.08
"A711","SAO CARLOS","SAO CARLOS","SP","Sudeste","Operante",-21.98027777,-47.88388888,859.29
"A921","SAO FELIX  DO ARAGUAIA","SAO FELIX  DO ARAGUAIA","MT","Centro-oeste","Pane",-11.61888888,-50.72777777,201.37
"A216","SAO FELIX DO XINGU","SAO FELIX DO XINGU","PA","Norte","Operante",-6.63972221,-51.95694444,211
"A832","SAO GABRIEL","SAO GABRIEL","RS","Sul","Operante",-30.34138888,-54.31083333,114.89
"A732","SAO GABRIEL DO OESTE","SAO GABRIEL DO OESTE","MS","Centro-oeste","Operante",-19.42027777,-54.55305555,646
"A333","SAO GONCALO","SAO GONCALO","PB","Nordeste","Operante",-6.835777,-38.311583,237.04
"A514","SAO JOAO DEL REI","SAO JOAO DEL REI","MG","Sudeste","Operante",-21.10638888,-44.25083333,929.88
"A331","SAO JOAO DO PIAUI","SAO JOAO DO PIAUI","PI","Nordeste","Operante",-8.36444444,-42.2525,231
"A815","SAO JOAQUIM","SAO JOAQUIM","SC","Sul","Operante",-28.27555554,-49.93472221,1400.06
"A942","SAO JOSE DO XINGU","SAO JOSE DO XINGU","MT","Centro-oeste","Pane",-10.48416666,-52.37249999,300
"A829","SAO JOSE DOS AUSENTES","SAO JOSE DOS AUSENTES","RS","Sul","Operante",-28.7486111,-50.05777777,1228.59
"A203","SAO LUIS","SAO LUIS","MA","Nordeste","Operante",-2.52666666,-44.21361111,54.8
"A356","SAO LUIS DO QUITUNDE","SAO LUIS DO QUITUNDE","AL","Nordeste","Pane",-9.28749999,-35.56583333,13.69
"A740","SAO LUIZ DO PARAITINGA","SAO LUIZ DO PARAITINGA","SP","Sudeste","Operante",-23.22833332,-45.41694443,874
"A852","SAO LUIZ GONZAGA","SAO LUIZ GONZAGA","RS","Sul","Operante",-28.41722221,-54.9625,245.5
"A616","SAO MATEUS","SAO MATEUS","ES","Sudeste","Operante",-18.6761111,-39.86416666,28.66
"A874","SAO MATEUS DO SUL","SAO MATEUS DO SUL","PR","Sul","Operante",-25.83555555,-50.36888888,780.21
"A715","SAO MIGUEL ARCANJO","SAO MIGUEL ARCANJO","SP","Sudeste","Operante",-23.89083333,-47.99916666,710
"A031","SAO MIGUEL DO ARAGUAIA","SAO MIGUEL DO ARAGUAIA","GO","Centro-oeste","Operante",-12.82055554,-50.33583333,210
"A857","SAO MIGUEL DO OESTE","SAO MIGUEL DO OESTE","SC","Sul","Operante",-26.78638888,-53.51416666,647
"A771","SAO PAULO - INTERLAGOS"," INTERLAGOS","SP","Sudeste","Operante",-23.72444443,-46.67749999,771
"A701","SAO PAULO - MIRANTE"," MIRANTE","SP","Sudeste","Operante",-23.49638888,-46.61999999,785.64
"A345","SAO RAIMUNDO NONATO","SAO RAIMUNDO NONATO","PI","Nordeste","Pane",-9.03305554,-42.70111111,385
"A547","SAO ROMAO","SAO ROMAO","MG","Sudeste","Operante",-16.36277777,-45.12388888,490.29
"A561","SAO SEBASTIAO DO PARAISO","SAO SEBASTIAO DO PARAISO","MG","Sudeste","Operante",-20.91,-47.11416666,845
"A770","SAO SIMAO","SAO SIMAO","SP","Sudeste","Operante",-21.46111111,-47.57944443,620
"A011","SAO SIMAO","SAO SIMAO","GO","Centro-oeste","Operante",-18.96916666,-50.63333333,492.45
"A889","SAO VICENTE DO SUL","SAO VICENTE DO SUL","RS","Sul","Operante",-29.70222222,-54.69444444,134
"A911","SAPEZAL","SAPEZAL","MT","Centro-oeste","Operante",-13.30388888,-58.76333333,105
"A667","SAQUAREMA - SAMPAIO CORREIA"," SAMPAIO CORREIA","RJ","Sudeste","Operante",-22.8711111,-42.60888888,26
"A428","SENHOR DO BONFIM","SENHOR DO BONFIM","BA","Nordeste","Operante",-10.44305555,-40.14833333,532.09
"A894","SERAFINA CORREA","SERAFINA CORREA","RS","Sul","Operante",-28.70472222,-51.87083332,485.29
"A601","SEROPEDICA-ECOLOGIA AGRICOLA","ECOLOGIA AGRICOLA","RJ","Sudeste","Operante",-22.75777777,-43.68472221,35
"A522","SERRA DOS AIMORES","SERRA DOS AIMORES","MG","Sudeste","Operante",-17.79888888,-40.25,211.97
"A230","SERRA DOS CARAJAS","SERRA DOS CARAJAS","PA","Norte","Pane",-6.07749999,-50.14222221,707
"A943","SERRA NOVA DOURADA","SERRA NOVA DOURADA","MT","Centro-oeste","Pane",-11.98777777,-51.4261111,441
"A350","SERRA TALHADA","SERRA TALHADA","PE","Nordeste","Pane",-7.95416666,-38.29499999,499.02
"A441","SERRINHA","SERRINHA","BA","Nordeste","Pane",-11.66472222,-39.02305554,337.79
"A569","SETE LAGOAS","SETE LAGOAS","MG","Sudeste","Operante",-19.45527777,-44.17333332,719
"A751","SETE QUEDAS","SETE QUEDAS","MS","Centro-oeste","Operante",-23.96694443,-55.02416666,398.4
"A754","SIDROLANDIA","SIDROLANDIA","MS","Centro-oeste","Operante",-20.98166666,-54.97194443,471.43
"A659","SILVA JARDIM","SILVA JARDIM","RJ","Sudeste","Operante",-22.64583333,-42.41555555,19
"A037","SILVANIA","SILVANIA","GO","Centro-oeste","Operante",-16.67972221,-48.61805554,952
"A917","SINOP","SINOP","MT","Centro-oeste","Operante",-11.98222221,-55.56611111,366.57
"A306","SOBRAL","SOBRAL","CE","Nordeste","Pane",-3.74805555,-40.34583333,92.07
"A837","SOLEDADE","SOLEDADE","RS","Sul","Operante",-28.859211,-52.542387,660.44
"A761","SONORA","SONORA","MS","Centro-oeste","Operante",-17.63527777,-54.76055555,495.25
"A904","SORRISO","SORRISO","MT","Centro-oeste","Operante",-12.555,-55.72277777,379.31
"A227","SOURE","SOURE","PA","Norte","Operante",-0.72777777,-48.51583333,12.54
"A328","SURUBIM","SURUBIM","PE","Nordeste","Pane",-7.83972221,-35.80111111,421.44
"A899","Santa Vitoria do Palmar - Barra do Chui"," Barra do Chui","RS","Sul","Operante",-33.74222221,-53.37222221,7.41
"A902","TANGARA DA SERRA","TANGARA DA SERRA","MT","Centro-oeste","Operante",-14.65,-57.43166666,440.01
"A324","TAUA","TAUA","CE","Nordeste","Pane",-6.01749999,-40.28138888,410.87
"A728","TAUBATE","TAUBATE","SP","Sudeste","Operante",-23.04166666,-45.52083332,582.26
"A527","TEOFILO OTONI","TEOFILO OTONI","MG","Sudeste","Operante",-17.89277777,-41.51555555,467.17
"A312","TERESINA","TERESINA","PI","Nordeste","Pane",-5.03472221,-42.80138888,75.23
"A618","TERESOPOLIS-PARQUE NACIONAL","PARQUE NACIONAL","RJ","Sudeste","Operante",-22.4486111,-42.98694444,981
"A882","TEUTONIA","TEUTONIA","RS","Sul","Operante",-29.44916666,-51.82333332,81
"A368","TIANGUA","TIANGUA","CE","Nordeste","Pane",-3.73222221,-41.01194444,756
"A511","TIMOTEO","TIMOTEO","MG","Sudeste","Operante",-19.57388888,-42.62249999,493.42
"A213","TOME ACU","TOME ACU","PA","Norte","Operante",-2.59249999,-48.36055555,42.95
"A834","TRAMANDAI","TRAMANDAI","RS","Sul","Pane",-30.01027777,-50.13583333,4.56
"A704","TRES LAGOAS","TRES LAGOAS","MS","Centro-oeste","Operante",-20.79499999,-51.71333333,328.94
"A528","TRES MARIAS","TRES MARIAS","MG","Sudeste","Operante",-18.200855,-45.459836,931.01
"A625","TRES RIOS","TRES RIOS","RJ","Sudeste","Operante",-22.09833333,-43.20833333,295
"A234","TUCUMA","TUCUMA","PA","Norte","Operante",-6.74333333,-51.14194444,320.93
"A229","TUCURUI","TUCURUI","PA","Norte","Operante",-3.82277777,-49.67499999,137.94
"A768","TUPA","TUPA","SP","Sudeste","Operante",-21.92722221,-50.49027777,498
"A886","TUPANCIRETA","TUPANCIRETA","RS","Sul","Operante",-29.08944444,-53.82666666,462
"A219","TURIACU","TURIACU","MA","Nordeste","Operante",-1.66111111,-45.37249999,35.86
"A568","UBERABA","UBERABA","MG","Sudeste","Operante",-19.71,-47.96194444,778
"A507","UBERLANDIA","UBERLANDIA","MG","Sudeste","Operante",-18.91694443,-48.25555555,874.77
"A437","UNA","UNA","BA","Nordeste","Operante",-15.28027777,-39.09138888,74.08
"A542","UNAI","UNAI","MG","Sudeste","Operante",-16.55416666,-46.88194443,640.85
"A124","URUCARA","URUCARA","AM","Norte","Operante",-2.53472221,-57.75805555,18.49
"A346","URUCUI","URUCUI","PI","Nordeste","Operante",-7.44138888,-44.34499999,398.83
"A809","URUGUAIANA","URUGUAIANA","RS","Sul","Operante",-29.83999999,-57.08194443,74.29
"A814","URUSSANGA","URUSSANGA","SC","Sul","Operante",-28.53249999,-49.31527777,40.56
"A880","VACARIA","VACARIA","RS","Sul","Operante",-28.51361111,-50.88277777,969.89
"A611","VALENCA","VALENCA","RJ","Sudeste","Operante",-22.35805555,-43.69555555,370
"A444","VALENCA","VALENCA","BA","Nordeste","Pane",-13.3436111,-39.12666666,93.12
"A363","VALENCA DO PIAUI","VALENCA DO PIAUI","PI","Nordeste","Operante",-6.4236111,-41.74888888,372
"A734","VALPARAISO","VALPARAISO","SP","Sudeste","Operante",-21.31916666,-50.93027777,381.9
"A515","VARGINHA","VARGINHA","MG","Sudeste","Operante",-21.56638888,-45.40416666,949.78
"A633","VENDA NOVA DO IMIGRANTE","VENDA NOVA DO IMIGRANTE","ES","Sudeste","Operante",-20.38555555,-41.18999999,722
"A872","VENTANIA","VENTANIA","PR","Sul","Operante",-24.28027777,-50.21027777,1093.41
"A510","VICOSA","VICOSA","MG","Sudeste","Operante",-20.762607,-42.864013,697.64
"A922","VILA BELA DA SANTISSIMA TRINDADE","VILA BELA DA SANTISSIMA TRINDADE","MT","Centro-oeste","Operante",-15.06277777,-59.87305554,213
"A634","VILA VELHA","VILA VELHA","ES","Sudeste","Operante",-20.46694443,-40.40388888,25
"A938","VILHENA","VILHENA","RO","Norte","Operante",-12.73499999,-60.15777777,583.3
"A612","VITORIA","VITORIA","ES","Sudeste","Operante",-20.27083332,-40.30583333,9
"A414","VITORIA DA CONQUISTA","VITORIA DA CONQUISTA","BA","Nordeste","Operante",-14.88638888,-40.80138888,879.38
"A858","XANXERE","XANXERE","SC","Sul","Operante",-26.938666,-52.39809,878.74
"A247","XINGUARA","XINGUARA","PA","Norte","Operante",-7.11055555,-49.9261111,245
"A255","ZE DOCA","ZE DOCA","MA","Nordeste","Operante",-3.26916666,-45.65111111,45.5
